<?xml version="1.0" encoding="UTF-8"?>
<project-private xmlns="http://www.netbeans.org/ns/project-private/1">
    <editor-bookmarks xmlns="http://www.netbeans.org/ns/editor-bookmarks/2" lastBookmarkId="0"/>
    <open-files xmlns="http://www.netbeans.org/ns/projectui-open-files/2">
        <group>
            <file>file:/C:/Users/tfran/Butler_CS_HW/Butler_LabWork_Repo/GITHW/NETBEANS%20EE/Butler_Java3_Lab7_CalculateLoan/web/result.xhtml</file>
            <file>file:/C:/Users/tfran/Butler_CS_HW/Butler_LabWork_Repo/GITHW/NETBEANS%20EE/Butler_Java3_Lab7_CalculateLoan/web/index.xhtml</file>
        </group>
    </open-files>
</project-private>
