<?xml version="1.0" encoding="UTF-8"?>
<project-private xmlns="http://www.netbeans.org/ns/project-private/1">
    <editor-bookmarks xmlns="http://www.netbeans.org/ns/editor-bookmarks/2" lastBookmarkId="0"/>
    <open-files xmlns="http://www.netbeans.org/ns/projectui-open-files/2">
        <group>
            <file>file:/C:/Users/tfran/Butler_HW/HW/Netbeans%20Projects/Butler_Java2_Lab3_PArkingTicketSimulator/src/butler_java2_lab3_parkingticketsimulator/PoliceOfficer.java</file>
            <file>file:/C:/Users/tfran/Butler_HW/HW/Netbeans%20Projects/Butler_Java2_Lab3_PArkingTicketSimulator/src/butler_java2_lab3_parkingticketsimulator/Butler_Java2_Lab3_ParkingTicketSimulator.java</file>
            <file>file:/C:/Users/tfran/Butler_HW/HW/Netbeans%20Projects/Butler_Java2_Lab3_PArkingTicketSimulator/src/butler_java2_lab3_parkingticketsimulator/ParkedCar.java</file>
        </group>
    </open-files>
</project-private>
