<?xml version="1.0" encoding="UTF-8"?>
<project-private xmlns="http://www.netbeans.org/ns/project-private/1">
    <editor-bookmarks xmlns="http://www.netbeans.org/ns/editor-bookmarks/2" lastBookmarkId="0"/>
    <open-files xmlns="http://www.netbeans.org/ns/projectui-open-files/2">
        <group name="Group 20180410-10:31:10">
            <file>file:/D:/Git_HW/Butler_Java2_Labs/HW/Netbeans%20Projects/Butler_Java2_Lab11_MyListClass/src/butler_java2_lab11_mylistclass/Butler_Java2_Lab11_MyListClass.java</file>
            <file>file:/D:/Git_HW/Butler_Java2_Labs/HW/Netbeans%20Projects/Butler_Java2_Lab11_MyListClass/src/butler_java2_lab11_mylistclass/MyList.java</file>
        </group>
    </open-files>
</project-private>
