<?xml version="1.0" encoding="UTF-8"?>
<project-private xmlns="http://www.netbeans.org/ns/project-private/1">
    <editor-bookmarks xmlns="http://www.netbeans.org/ns/editor-bookmarks/2" lastBookmarkId="0"/>
    <open-files xmlns="http://www.netbeans.org/ns/projectui-open-files/2">
        <group>
            <file>file:/C:/Users/tfran/Butler_HW/HW/Netbeans%20Projects/Butler_Java2_FinalProject/src/butler_java2_finalproject/PurchaseHand.java</file>
            <file>file:/C:/Users/tfran/Butler_HW/HW/Netbeans%20Projects/Butler_Java2_FinalProject/src/butler_java2_finalproject/Butler_Java2_FinalProject.java</file>
            <file>file:/C:/Users/tfran/Butler_HW/HW/Netbeans%20Projects/Butler_Java2_FinalProject/src/butler_java2_finalproject/ButtonHand.java</file>
            <file>file:/C:/Users/tfran/Butler_HW/HW/Netbeans%20Projects/Butler_Java2_FinalProject/src/butler_java2_finalproject/Theater.java</file>
            <file>file:/C:/Users/tfran/Butler_HW/HW/Netbeans%20Projects/Butler_Java2_FinalProject/src/butler_java2_finalproject/Film.java</file>
        </group>
    </open-files>
</project-private>
