<?xml version="1.0" encoding="UTF-8"?>
<project-private xmlns="http://www.netbeans.org/ns/project-private/1">
    <editor-bookmarks xmlns="http://www.netbeans.org/ns/editor-bookmarks/2" lastBookmarkId="0"/>
    <open-files xmlns="http://www.netbeans.org/ns/projectui-open-files/2">
        <group>
            <file>file:/C:/Users/tfran/Butler_HW/HW/Netbeans%20Projects/Butler_Java2_Lab2_Temperature%20Class/src/butler_java2_lab2_temperature/pkgclass/Temperature.java</file>
            <file>file:/C:/Users/tfran/Butler_HW/HW/Netbeans%20Projects/Butler_Java2_Lab2_Temperature%20Class/src/butler_java2_lab2_temperature/pkgclass/Butler_Java2_Lab2_TemperatureClass.java</file>
        </group>
    </open-files>
</project-private>
