<?xml version="1.0" encoding="UTF-8"?>
<project-private xmlns="http://www.netbeans.org/ns/project-private/1">
    <editor-bookmarks xmlns="http://www.netbeans.org/ns/editor-bookmarks/2" lastBookmarkId="0"/>
    <open-files xmlns="http://www.netbeans.org/ns/projectui-open-files/2">
        <group name="Group 20180410-10:31:10">
            <file>file:/C:/Users/Al/Documents/NetBeansProjects/Butler_Java2_Lab1_Payroll/src/butler_java2_lab1_payroll/Payroll.java</file>
            <file>file:/C:/Users/Al/Documents/NetBeansProjects/Butler_Java2_Lab1_Payroll/src/butler_java2_lab1_payroll/Butler_Java2_Lab1_Payroll.java</file>
        </group>
    </open-files>
</project-private>
